INSERT INTO states (abbr, name, state_bounding_polygon)
VALUES ('AZ', 'Arizona', ST_GeomFromText('POLYGON((-114.04445081948 37.00172781944, -114.05113220217 36.189994812011, -114.74327087405 36.047172546386, -114.69932556155 35.761528015136, -114.5894622803 35.146293640136, -114.6334075928 35.003471374511, -114.54757690432 34.764518737792, -114.41574096682 34.566764831542, -114.21798706057 34.390983581542, -114.21798706057 34.193229675292, -114.48165893557 33.995475769042, -114.56954956057 33.665885925292, -114.70138549807 33.402214050292, -114.72335815432 33.138542175292, -114.52560424807 33.006706237792, -114.50363159182 32.830924987792, -114.74533081057 32.721061706542, -114.73434448244 32.633171081542, -114.80026245119 32.589225769042, -114.80026245119 32.501335144042, -111.04293823245 31.314811706542, -109.04668807982 31.332149505613, -109.05097961426 37.002983093261, -114.04445081948 37.00172781944))', 4326)),
('UT', 'Utah', ST_GeomFromText('POLYGON((-114.00173731153 42.012252509589, -111.05740137403 42.034225165839, -111.01345606153 41.023482978339, -109.05788965528 41.023482978339, -109.05097961426 37.002983093261, -114.04499597852 37.002983093261, -114.00173731153 42.012252509589))', 4326)),
('NM', 'New Mexico', ST_GeomFromText('POLYGON((-109.05097961426 37.002983093261, -109.04668807982 31.332149505613, -108.2044322044 31.329936683175, -108.2044322044 31.7803761363, -106.58944197002 31.80234879255, -106.60042829815 31.835307776925, -106.60042829815 32.0001026988, -103.06008405986 32.02207535505, -103.04909773174 36.493510901925, -103.0106455833 36.493510901925, -103.00583906475 37.003001868721, -109.04969282452 37.002315223212, -109.05097961426 37.002983093261))', 4326));


INSERT INTO consumption (tier_id, name, rate)
VALUES (1, 'Great Basin', 0.10),
(2, 'High Desert', 0.12),
(3, 'Low Desert', 0.06),
(4, 'Plataeu', 0.14);


INSERT INTO cities (city_id, city_name, state_abbr, population, gas_tier, location)
VALUES (1, 'St George', 'UT', 72897, 4, ST_GeomFromText('POINT(-113.577240 37.091060)', 4326)),
(2, 'Salt Lake City', 'UT', 186440, 1, ST_GeomFromText('POINT(-111.941094 40.766643)', 4326)),
(3, 'Provo', 'UT', 112488, 1, ST_GeomFromText('POINT(-111.659165 40.237398)', 4326)),
(4, 'Ogden', 'UT', 82825, 1, ST_GeomFromText('POINT(-111.974894 41.225388)', 4326)),
(5, 'Flagstaff', 'AZ', 65870, 2, ST_GeomFromText('POINT(-111.645040 35.175575)', 4326)),
(6, 'Pheonix', 'AZ', 1445632, 3, ST_GeomFromText('POINT(-112.072907 33.467737)', 4326)),
(7, 'Tucson', 'AZ', 52116, 3, ST_GeomFromText('POINT(-110.927074 32.228468)', 4326)),
(8, 'Santa Fe', 'NM', 67947, 2, ST_GeomFromText('POINT(-105.947333 35.682194)', 4326)),
(9, 'Albuquerque', 'NM', 545852, 2, ST_GeomFromText('POINT(-106.624991 35.101994)', 4326)),
(10, 'La Cruces', 'NM', 97618, 4, ST_GeomFromText('POINT(-106.769506 32.319568)', 4326)),
(11, 'Carlsbad', 'NM', 26138, 4, ST_GeomFromText('POINT(-104.228973 32.425234)', 4326));


INSERT INTO operators (op_id, op_name, address_1, address_2, zip, state_abbr)
VALUES (1, 'SouthWest Gas Inc.', '5052 Main Street', 'Phoenix', 85005, 'AZ'),
(2, 'Zion Pipelines Inc', '8000 Commercial Blvd. 300 Ste.', 'St. George', 84771, 'UT'),
(3, 'Mesa Natural Gas Inc.' , '1060 Fair Oaks', 'Phoenix', 85070, 'AZ'),    
(4, 'New Mexico Energy LLC.', '1000 Marview Ave', 'Santa Fe', 87501, 'NM');  


INSERT INTO pipelines (pipeline_id, pipeline_name, pipeline_op_id, nodes, capacity)
VALUES (1,'Salt Lake Main', 4, '{11,9,2}',1.8),
(2,'New Mexico Line', 1, '{6,5,9,8}', 18.7),
(3,'TransUtah', 2, '{11,1,3,2,4}', 17.3),
(4,'Carlsbad-Phoenix XL', 1, '{11,10,7,6}', 34.9),
(5,'Flagstaff', 3, '{6,5}', 8.1);


INSERT INTO storage (storage_id, city_id, storage_name, height, bounding_polygon_2d)
VALUES (1, 2, 'North Salt Lake', 4, ST_GeomFromText('POLYGON((-111.74557690261 41.125302314757, -111.74557690261 41.12118244171, -111.74008373855 41.12118244171, -111.74008373855 41.125302314757, -111.74557690261 41.125302314757))', 4326)),
(2, 2, 'Salt Lake Sandy', 5, ST_GeomFromText('POLYGON((-111.69263367141 40.455758571624, -111.69263367141 40.452325344085, -111.68920044387 40.452325344085, -111.68920044387 40.455758571624, -111.69263367141 40.455758571624))', 4326)),
(3, 6, 'West Pheonix', 8, ST_GeomFromText('POLYGON((-112.39355567022 33.590891361235, -112.39355567022 33.588144779204, -112.38943579717 33.588144779204, -112.38943579717 33.590891361235, -112.39355567022 33.590891361235))', 4326)),
(4, 6, 'East Phonixix', 10, ST_GeomFromText('POLYGON((-111.89426424915 33.49868774414, -111.89426424915 33.496284484863, -111.89220431262 33.496284484863, -111.89220431262 33.49868774414, -111.89426424915 33.49868774414))', 4326)),
(5, 7, 'Tucson', 5, ST_GeomFromText('POLYGON((-110.90105295193 32.171112298966, -110.90105295193 32.168365716935, -110.8983063699 32.168365716935, -110.8983063699 32.171112298966, -110.90105295193 32.171112298966))', 4326)),
(6, 9, 'North New Mexico', 12,  ST_GeomFromText('POLYGON((-111.74557690261 41.125302314757, -111.74557690261 41.12118244171, -111.74008373855 41.12118244171, -111.74008373855 41.125302314757, -111.74557690261 41.125302314757))', 4326));



